Product Name,Price,Description,Feature Image,Rating
"PNY NVIDIA GeForce RTX™ 5090 32GB ARGB Overclocked Triple Fan Graphics Card (DLSS 4, PCIe® 5.0, HDMI®/DP 2.1, 3.5-Slot, Epic-X™ RGB Lighting)","2,517","['NVIDIA DLSS 4 - Supreme Speed. Superior Visuals. Powered by AI. DLSS is a revolutionary suite of neural rendering technologies that uses AI to boost FPS, reduce latency, and improve image quality. \u200cThe latest breakthrough, DLSS 4, brings new Multi Frame Generation and enhanced Ray Reconstruction and Super Resolution, powered by GeForce RTX 50 Series GPUs and fifth-generation Tensor Cores. DLSS on GeForce RTX is the best way to play, backed by an NVIDIA AI supercomputer in the cloud constantly improving your PC’s gaming capabilities.', 'NVIDIA Reflex 2 - Compete at Warp Speed. Reflex technologies optimize the graphics pipeline for ultimate responsiveness, providing faster target acquisition, quicker reaction times, and improved aim precision in competitive games. Reflex 2 introduces Frame Warp (coming soon!), which further reduces latency based on the game’s latest mouse input.', 'RTX AI PCs - NVIDIA Powers the World’s AI. And Yours. Upgrade to advanced AI with NVIDIA GeForce RTX GPUs and accelerate your gaming, creating, productivity, and development. Thanks to built-in AI processors, you get world-leading AI technology powering your Windows PC.', 'Creators - Your Creative AI-dvantage. NVIDIA Studio is your creative advantage. GeForce RTX 50 Series GPUs unlock transformative performance in video editing, 3D rendering, and graphic design. Experience RTX accelerations in top creative apps, world-class NVIDIA Studio drivers engineered and continually updated to provide maximum stability, and a suite of exclusive tools that harness the power of RTX for AI-assisted creative workflows.']",https://m.media-amazon.com/images/I/61lmZjZXotL._AC_SY355_.jpg,4.2
"ASUS TUF Gaming GeForce RTX ™ 5090 32GB GDDR7 OC Edition Gaming Graphics Card (PCIe® 5.0, HDMI®/DP 2.1, 3.6-Slot, Military-Grade Components, Protective PCB Coating, axial-tech Fans, Vapor Chamber)","2,700","['Powered by the NVIDIA Blackwell architecture and DLSS 4', 'Military-grade components deliver rock-solid power and longer lifespan for ultimate durability', 'Protective PCB coating helps protect against short circuits caused by moisture, dust, or debris', '3.6-slot design with massive fin array optimized for airflow from three Axial-tech fans', 'Phase-change GPU thermal pad helps ensure optimal thermal performance and longevity, outlasting traditional thermal paste for graphics cards under heavy loads']",https://m.media-amazon.com/images/I/71-gK950-SL._AC_SY355_.jpg,4.5
"GIGABYTE GeForce RTX 5090 Gaming OC 32G Graphics Card, WINDFORCE Cooling System, 32GB 512-bit GDDR7, GV-N5090GAMING OC-32GD Video Card","2,599","['Powered by the NVIDIA Blackwell architecture and DLSS 4', 'Powered by GeForce RTX 5090', 'Integrated with 32GB GDDR7 512bit memory interface', 'PCIe 5.0', 'WINDFORCE cooling system']",https://m.media-amazon.com/images/I/71TZmq7RYtL._AC_SY355_.jpg,3.9
Blackwell Graphics Card,"2,549",['N/A'],https://m.media-amazon.com/images/I/51zFYVroW8L.__AC_SY300_SX300_QL70_FMwebp_.jpg,3.9
"ZOTAC Gaming GeForce RTX 5090 Solid OC DLSS 4 32GB GDDR7 512-bit 28 Gbps PCIE 5.0 Gaming Graphics Card, IceStorm 3.0 Advanced Cooling, Spectra 2.0 ARGB Lighting, ZT-B50900J-10P","2,227","['Powered by the NVIDIA Blackwell architecture and DLSS 4', '32GB GDDR7, 512-bit, 28 Gbps, PCIE 5.0, Boost Clock 2422 MHz', 'IceStorm 3.0 Advanced Cooling, 3x 100mm BladeLink fans, Vapor Chamber, Composite Heatpipes, Pass-thru Airflow Design, FREEZE Fan Stop, Active Fan Control 2.0', 'Metal Backplate, Reinforced Frame Structure, Dual BIOS, SPECTRA 2.0 ARGB Lighting, SPECTRA Link, Bundled GPU Support Stand', '3 x DisplayPort 2.1b, 1 x HDMI 2.1b, 8K Ready, 4 Display Ready, HDCP 2.3, VR Ready']",https://m.media-amazon.com/images/I/71c7k-TNofL._AC_SX355_.jpg,4.2
"GIGABYTE AORUS GeForce RTX 5090 Master ICE 32G Graphics Card, WINDFORCE Cooling System, 32GB 512-bit GDDR7, GV-N5090AORUSM ICE-32GD Video Card","2,824","['NVIDIA Blackwell architecture and DLSS 4', 'Powered by GeForce RTX 5090', 'Integrated with 32GB GDDR7 512bit memory interface', 'PCIe 5.0', 'WINDFORCE cooling system with Hawk Fan']",https://m.media-amazon.com/images/I/71m0Z3xgGVL._AC_SY355_.jpg,4.4
"ROG Astral GeForce RTX™ 5090 BTF OC Edition Gaming Graphics Card (PCIe® 5.0, 32GB GDDR7, HDMI®/DP 2.1, 3.8-Slot, Detachable Graphics Card high Power (GC-HPWR) Adapter Withstand up to 1000W, 4 Fans)","3,499","['AI Performance: 3593 AI TOPS', 'Powered by the NVIDIA Blackwell architecture and DLSS 4.', 'OC mode: 2610 MHz (OC mode)/ 2580 MHz (Default mode)', 'Featuring an innovative detachable graphics card high-power (GC-HPWR) adapter for compatibility with standard and BTF motherboards', 'The GC-HPWR adapter can withstand up to 1000 watts. Powerful 80-amp MOSFETs help ensure enhanced performance, stability, and higher overclocking potential', 'Quad-fan design boosts air flow and pressure by up to 20%', 'Patented vapor chamber with milled heatspreader for lower GPU temperatures. Full metal diecast shroud, frame backplate, and rear I/O bracket brace the PCB for rigidity']",https://m.media-amazon.com/images/I/81I4gjI-KOL._AC_SY355_.jpg,N/A
"MSI Gaming RTX 5090 32G Gaming Trio OC Graphics Card (32GB GDDR7, 512-bit, Extreme Performance: 2497 MHz, DisplayPort x3 2.1a, HDMI 2.1b, NVIDIA Blackwell Architecture)","2,399","['Chipset: NVIDIA GeForce RTX 5090', 'Video Memory: 32 GB GDDR7', 'Memory Interface: 512-bit', 'Output: DisplayPort x 3 (v2.1a) / HDMI 2.1b x 1', 'Digital maximum resolution: 7680 x 4320']",https://m.media-amazon.com/images/I/71tV-csYdCL._AC_SX355_.jpg,4.5
"MSI Gaming RTX 5090 32G Ventus 3X OC Graphics Card (32GB GDDR7, 512-bit, Extreme Performance: 2452 MHz, DisplayPort x3 2.1a, HDMI 2.1b, NVIDIA Blackwell Architecture)","2,276","['Chipset: NVIDIA GeForce RTX 5090', 'Video Memory: 32 GB GDDR7', 'Memory Interface: 512-bit', 'Output: DisplayPort x 3 (v2.1a) / HDMI 2.1b x 1', 'Digital maximum resolution: 7680 x 4320']",https://m.media-amazon.com/images/I/71key2VASKL._AC_SX355_.jpg,4.0
"MSI Gaming RTX 5090 32G Vanguard SOC Graphics Card (32GB GDDR7, 512-bit, Extreme Performance: 2527 MHz, DisplayPort x3 2.1a, HDMI 2.1b, NVIDIA Blackwell Architecture)","2,399","['Chipset: NVIDIA GeForce RTX 5090', 'Video Memory: 32 GB GDDR7', 'Memory Interface: 512-bit', 'Output: DisplayPort x 3 (v2.1a) / HDMI 2.1b x 1', 'Digital maximum resolution: 7680 x 4320']",https://m.media-amazon.com/images/I/715PJSwhFBL._AC_SX355_.jpg,4.3
ASUS NVIDIA GeForce RTX 5090 Video Card 32GB GDDR7 PCI Express 5.0 / TUF-RTX5090-32G-GAMING,"2,539","[""MaxContact Design: ASUS's proprietary manufacturing process increases the surface area of the GPU heat spreader by 5%. Combined with a powerful heat sink and Axial-tech fan for temperature improvement up to 2°C"", '12 HEAT PIPES & VAPER CHAMPS: Large heat sink with vapor chamber and 12 heat pipes efficiently absorb heat from GeForce RTX 5090 GPU for superior performance', 'Phase Change GPU Thermal Pad: Melts and fills the gap between the GPU and thermal module for superior heat conductivity and heat dissipation, ensuring optimal performance and longevity of graphics cards even under heavy loads', 'Large Vapor Chamber: Absorbs heat from GPU efficiently for superior performance', 'NEW FAN ROTATION SYSTEM: The two outer fans rotate counterclockwise to reduce turbulence The GPU temperature stops at less than 50°C, and restarts at above 55°C, providing both performance and silence']",https://m.media-amazon.com/images/I/81BE1H1w23L._AC_SY355_.jpg,4.6
"ASUS TUF Gaming GeForce RTX ™ 5070 12GB GDDR7 OC Edition Gaming Graphics Card (PCIe® 5.0, HDMI®/DP 2.1, 3.125-slot, Military-Grade Components, Protective PCB Coating, axial-tech Fans)",619,"['Powered by the NVIDIA Blackwell architecture and DLSS 4', 'Military-grade components deliver rock-solid power and longer lifespan for ultimate durability', 'Protective PCB coating helps protect against short circuits caused by moisture, dust, or debris', '3.125-slot design with massive fin array optimized for airflow from three Axial-tech fans', 'Phase-change GPU thermal pad helps ensure optimal thermal performance and longevity, outlasting traditional thermal paste for graphics cards under heavy loads', 'ASUS GPU Guard and bracket secure the GPU, reducing the risk of cracks and ensuring stable mounting', 'Auto-Extreme precision automated manufacturing helps ensure higher reliability', 'GPU Tweak III software provides intuitive performance tweaking, advanced thermal controls, and system monitoring']",https://m.media-amazon.com/images/I/815-M4vy8JL._AC_SY355_.jpg,4.6
"MSI Gaming RTX 5090 32G SUPRIM Liquid SOC Graphics Card (32GB GDDR7, 512-bit, Extreme Performance: 2580 MHz, DisplayPort x3 2.1a, HDMI 2.1b, NVIDIA Blackwell Architecture)","2,999","['Chipset: NVIDIA GeForce RTX 5090', 'Video Memory: 32 GB GDDR7', 'Memory Interface: 512-bit', 'Output: DisplayPort x 3 (v2.1a) / HDMI 2.1b x 1', 'Digital maximum resolution: 7680 x 4320']",https://m.media-amazon.com/images/I/71Lziw+PHhL._AC_SX355_.jpg,4.6
"ASUS ROG Astral GeForce RTX™ 5090 Gaming Graphics Card (PCIe® 5.0, 32GB GDDR7, HDMI®/DP 2.1, 3.8-Slot, 4-Fan Design, Axial-tech Fans, Patented Vapor Chamber, Phase-Change GPU Thermal pad)","3,299","['Powered by the NVIDIA Blackwell architecture and DLSS 4. GPU Tweak III software provides intuitive performance tweaking, advanced thermal controls, and system monitoring', 'OC Mode: 2467 MHz/Default mode 2437 MHz (Boost Clock). Quad-fan design boosts air flow and pressure by up to 20%.', 'Patented vapor chamber with milled heatspreader for lower GPU temperatures', 'Phase-change GPU thermal pad ensures optimal heat transfer, lowering GPU temperatures for enhanced performance and reliability', '3.8-slot design: massive heatsink and fin array optimized for airflow from the four Axial-tech fans', 'Secure GPU protection with GPU Guard technology securing four corners of the GPU and GPU bracket ensures stable mounting', 'Full metal diecast shroud, frame backplate, and rear I/O bracket brace the PCB for rigidity']",https://m.media-amazon.com/images/I/81tE8puC+1L._AC_SY355_.jpg,N/A
"ZOTAC Gaming GeForce RTX 5090 Solid OC White Edition DLSS 4 32GB GDDR7 512-bit 28 Gbps PCIE 5.0 Gaming Graphics Card, IceStorm 3.0 Advanced Cooling, Spectra 2.0 ARGB Lighting, ZT-B50900Q-10P","2,399","['Powered by the NVIDIA Blackwell architecture and DLSS 4', '32GB GDDR7, 512-bit, 28 Gbps, PCIE 5.0, Boost Clock 2422 MHz', 'IceStorm 3.0 Advanced Cooling, 3x 100mm BladeLink fans, Vapor Chamber, Composite Heatpipes, Pass-thru Airflow Design, FREEZE Fan Stop, Active Fan Control 2.0', 'Metal Backplate, Reinforced Frame Structure, Dual BIOS, SPECTRA 2.0 ARGB Lighting, SPECTRA Link, Bundled GPU Support Stand', '3 x DisplayPort 2.1b, 1 x HDMI 2.1b, 8K Ready, 4 Display Ready, HDCP 2.3, VR Ready']",https://m.media-amazon.com/images/I/81ubl5FITQL._AC_SX355_.jpg,4.3
NVIDIA GeForce RTX 5080 Founders Edition,"1,293","['NVIDIA Blackwell Architecture, the ultimate platform for gamers and creators Tensor Cores maximum AI performance with FP4 and DLSS 4 NVIDIA Reflex 2 with frame-warping full-ray tracing with neural rendering', 'Video Card', 'NVIDIA']",https://m.media-amazon.com/images/I/31DskP4o6yL._AC_SX355_.jpg,4.1
